{}
{}
{}
{}
{}
{"mode": "train", "epoch": 1, "iter": 10, "lr": 0.0096, "memory": 3517, "data_time": 0.02329, "decode.loss_ce": 0.8976, "decode.acc_seg": 70.7078, "aux.loss_ce": 0.44211, "aux.acc_seg": 67.51111, "loss": 1.33971, "time": 0.66425}
{"mode": "train", "epoch": 1, "iter": 20, "lr": 0.00915, "memory": 3517, "data_time": 0.0058, "decode.loss_ce": 0.21543, "decode.acc_seg": 93.71798, "aux.loss_ce": 0.19053, "aux.acc_seg": 90.18094, "loss": 0.40596, "time": 0.34842}
{"mode": "train", "epoch": 1, "iter": 30, "lr": 0.0087, "memory": 3517, "data_time": 0.00581, "decode.loss_ce": 0.19576, "decode.acc_seg": 92.54533, "aux.loss_ce": 0.11581, "aux.acc_seg": 91.77843, "loss": 0.31157, "time": 0.3484}
{"mode": "train", "epoch": 1, "iter": 40, "lr": 0.00824, "memory": 3517, "data_time": 0.0057, "decode.loss_ce": 0.12677, "decode.acc_seg": 95.01406, "aux.loss_ce": 0.069, "aux.acc_seg": 94.99318, "loss": 0.19577, "time": 0.34791}
{"mode": "train", "epoch": 1, "iter": 50, "lr": 0.00779, "memory": 3517, "data_time": 0.00567, "decode.loss_ce": 0.15272, "decode.acc_seg": 94.64817, "aux.loss_ce": 0.07166, "aux.acc_seg": 94.36568, "loss": 0.22438, "time": 0.34861}
{"mode": "train", "epoch": 1, "iter": 60, "lr": 0.00733, "memory": 3517, "data_time": 0.00573, "decode.loss_ce": 0.1102, "decode.acc_seg": 95.82468, "aux.loss_ce": 0.05876, "aux.acc_seg": 95.38708, "loss": 0.16896, "time": 0.34885}
{"mode": "train", "epoch": 1, "iter": 70, "lr": 0.00686, "memory": 3517, "data_time": 0.00568, "decode.loss_ce": 0.1375, "decode.acc_seg": 95.05536, "aux.loss_ce": 0.0678, "aux.acc_seg": 94.58569, "loss": 0.2053, "time": 0.34942}
{"mode": "train", "epoch": 1, "iter": 80, "lr": 0.0064, "memory": 3517, "data_time": 0.00574, "decode.loss_ce": 0.10911, "decode.acc_seg": 96.06679, "aux.loss_ce": 0.05472, "aux.acc_seg": 95.48763, "loss": 0.16383, "time": 0.35016}
{"mode": "train", "epoch": 1, "iter": 90, "lr": 0.00593, "memory": 3517, "data_time": 0.00583, "decode.loss_ce": 0.11716, "decode.acc_seg": 95.66992, "aux.loss_ce": 0.05347, "aux.acc_seg": 95.51105, "loss": 0.17062, "time": 0.35029}
{"mode": "train", "epoch": 1, "iter": 100, "lr": 0.00545, "memory": 3517, "data_time": 0.00588, "decode.loss_ce": 0.09746, "decode.acc_seg": 96.31173, "aux.loss_ce": 0.05338, "aux.acc_seg": 95.6288, "loss": 0.15083, "time": 0.35064}
{"mode": "train", "epoch": 1, "iter": 110, "lr": 0.00497, "memory": 3517, "data_time": 0.00573, "decode.loss_ce": 0.08588, "decode.acc_seg": 96.65601, "aux.loss_ce": 0.04592, "aux.acc_seg": 96.30294, "loss": 0.13179, "time": 0.35118}
{"mode": "train", "epoch": 1, "iter": 120, "lr": 0.00449, "memory": 3517, "data_time": 0.00567, "decode.loss_ce": 0.0898, "decode.acc_seg": 96.58566, "aux.loss_ce": 0.04797, "aux.acc_seg": 96.1205, "loss": 0.13777, "time": 0.3513}
{"mode": "train", "epoch": 1, "iter": 130, "lr": 0.004, "memory": 3517, "data_time": 0.0057, "decode.loss_ce": 0.08948, "decode.acc_seg": 96.32931, "aux.loss_ce": 0.04609, "aux.acc_seg": 96.02219, "loss": 0.13558, "time": 0.35203}
{"mode": "train", "epoch": 1, "iter": 140, "lr": 0.0035, "memory": 3517, "data_time": 0.00589, "decode.loss_ce": 0.09677, "decode.acc_seg": 96.47875, "aux.loss_ce": 0.04803, "aux.acc_seg": 95.87378, "loss": 0.1448, "time": 0.35297}
{"mode": "train", "epoch": 1, "iter": 150, "lr": 0.00299, "memory": 3517, "data_time": 0.223, "decode.loss_ce": 0.07092, "decode.acc_seg": 97.37196, "aux.loss_ce": 0.03947, "aux.acc_seg": 96.68283, "loss": 0.11039, "time": 0.56817}
{"mode": "train", "epoch": 2, "iter": 160, "lr": 0.00248, "memory": 3517, "data_time": 0.00572, "decode.loss_ce": 0.12316, "decode.acc_seg": 96.18371, "aux.loss_ce": 0.05457, "aux.acc_seg": 95.69698, "loss": 0.17773, "time": 0.3516}
{"mode": "train", "epoch": 2, "iter": 170, "lr": 0.00195, "memory": 3517, "data_time": 0.00564, "decode.loss_ce": 0.07126, "decode.acc_seg": 97.29005, "aux.loss_ce": 0.03637, "aux.acc_seg": 97.01391, "loss": 0.10763, "time": 0.35199}
{"mode": "train", "epoch": 2, "iter": 180, "lr": 0.0014, "memory": 3517, "data_time": 0.00564, "decode.loss_ce": 0.08135, "decode.acc_seg": 97.05067, "aux.loss_ce": 0.037, "aux.acc_seg": 97.05396, "loss": 0.11836, "time": 0.35269}
{"mode": "train", "epoch": 2, "iter": 190, "lr": 0.00083, "memory": 3517, "data_time": 0.00572, "decode.loss_ce": 0.08893, "decode.acc_seg": 96.67474, "aux.loss_ce": 0.0436, "aux.acc_seg": 96.38404, "loss": 0.13254, "time": 0.35251}
{"mode": "train", "epoch": 2, "iter": 200, "lr": 0.00018, "memory": 3517, "data_time": 0.0056, "decode.loss_ce": 0.06851, "decode.acc_seg": 97.4528, "aux.loss_ce": 0.03441, "aux.acc_seg": 97.03996, "loss": 0.10292, "time": 0.44613}
{"mode": "val", "epoch": 2, "iter": 133, "lr": 0.00018, "aAcc": 0.9861, "mIoU": 0.9487, "mAcc": 0.9728, "IoU.obstacle": 0.8794, "IoU.water": 0.9789, "IoU.sky": 0.9878, "IoU.unknown": NaN, "Acc.obstacle": 0.9356, "Acc.water": 0.9874, "Acc.sky": 0.9955, "Acc.unknown": NaN}
